Customer,Asset Type,Product,Asset Name,Make,Model No,Serial No,Installation Date,Warranty Start,Warranty End,Status,Site,Notes,Territory
AIT-01,Water Purifier,,RO plant - lobby,Kent,KR-100,AIT-SN-001,15-03-2024,15-03-2024,14-03-2026,active,Lobby,Matched by customer code,
+919811000002,Air Conditioner,,Split AC 1.5T,Voltas,VX-15,AIT-SN-002,02/11/2023,02/11/2023,01/11/2025,active,Server room,Matched by phone,
Asset Import Test 3,Elevator,,Passenger lift,Otis,GEN2,AIT-SN-003,2024-01-20,2024-01-20,2029-01-19,under_repair,Block A,Matched by exact name,
AIT-04,CCTV Camera,,Dome camera A,Hikvision,DS-2CD,AIT-SN-004,05-06-2024,,,active,Gate,No warranty dates,
AIT-05,UPS / Inverter,,UPS 10kVA,APC,SRT10K,AIT-SN-005,,,,active,Basement,No dates at all,
AIT-01,Generator,AIT-PROD-1,DG set 25kVA,Kirloskar,KG-25,AIT-SN-006,10-08-2022,10-08-2022,09-08-2024,active,Yard,Linked to a product by code,
AIT-02,Pump / Motor,,Booster pump,Crompton,BP-2,AIT-SN-007,21-09-2023,,,active,Roof,,
AIT-04,water purifier,,RO plant - canteen,Kent,KR-200,AIT-SN-009,14-02-2024,,,active,Canteen,Asset type matched ignoring case,
AIT-05,,,Unclassified machine,,,AIT-SN-010,,,,active,,No asset type,
AIT-01,Air Conditioner,,Split AC 2T,Daikin,FTKF,,03-03-2024,,,active,Cabin,No serial number,
AIT-02,Water Purifier,,RO plant - pantry,Kent,KR-100,AIT-SN-012,1-2-2025,,,active,Pantry,Single-digit day and month,
AIT-03,Generator,,Old DG set,Cummins,C-15,AIT-SN-013,05-05-2015,,,scrapped,Yard,Status scrapped,
AIT-04,Elevator,,Goods lift,Schindler,G-3,AIT-SN-014,12-12-2018,,,replaced,Warehouse,Status replaced,
AIT-05,CCTV Camera,,Spare camera,Dahua,D-1,AIT-SN-015,,,,inactive,Store,Status inactive,
AIT-03,Air Conditioner,,Cassette AC,Blue Star,CA-4,AIT-SN-019,18-04-2024,,,active,Lobby 2,This row has a Territory value in the file which must be ignored,Gujarat
Nobody Known Ltd,Water Purifier,,RO plant,Kent,KR-100,AIT-SN-016,15-03-2024,,,active,,Customer that does not exist,
AIT-01,Water Purifier,,RO plant - duplicate,Kent,KR-100,AIT-EXISTING-1,15-03-2024,,,active,,Serial already on an existing asset,
AIT-02,Air Conditioner,,Split AC bad warranty,Voltas,VX-15,AIT-SN-018,10-01-2024,10-01-2025,09-01-2025,active,,Warranty ends before it starts,
AIT-04,Air Conditioner,,Split AC two-digit year,Voltas,VX-15,AIT-SN-020,01-02-26,,,active,,Two-digit year must fail not guess,
AIT-05,Generator,AIT-NO-SUCH-PRODUCT,DG set with unknown product,Kirloskar,KG-25,AIT-SN-017,10-08-2022,,,active,,Product that does not exist,
